ID	DATE OF NAV	PFM ID	PFM NAME	SCHEME ID	SCHEME NAME	NAV VALUE
1	2026-09-25	PFM001	SBI Pension Funds Pvt. Ltd.	SM001025	NPS TRUST A/C SBI PENSION FUND SCHEME E - TIER I DIRECT	54.9612
2	2026-09-24	PFM001	SBI Pension Funds Pvt. Ltd.	SM001025	NPS TRUST A/C SBI PENSION FUND SCHEME E - TIER I DIRECT	54.8466
3	2026-09-23	PFM001	SBI Pension Funds Pvt. Ltd.	SM001025	NPS TRUST A/C SBI PENSION FUND SCHEME E - TIER I DIRECT	56
4	2026-09-22	PFM001	SBI Pension Funds Pvt. Ltd.	SM001025	NPS TRUST A/C SBI PENSION FUND SCHEME E - TIER I DIRECT	55.6749
5	2026-09-21	PFM001	SBI Pension Funds Pvt. Ltd.	SM001025	NPS TRUST A/C SBI PENSION FUND SCHEME E - TIER I DIRECT	55.8522
6	2026-09-18	PFM001	SBI Pension Funds Pvt. Ltd.	SM001025	NPS TRUST A/C SBI PENSION FUND SCHEME E - TIER I DIRECT	55.6983
7	2026-09-17	PFM001	SBI Pension Funds Pvt. Ltd.	SM001025	NPS TRUST A/C SBI PENSION FUND SCHEME E - TIER I DIRECT	55.2957
8	2026-09-16	PFM001	SBI Pension Funds Pvt. Ltd.	SM001025	NPS TRUST A/C SBI PENSION FUND SCHEME E - TIER I DIRECT	54.9931
9	2026-09-15	PFM001	SBI Pension Funds Pvt. Ltd.	SM001025	NPS TRUST A/C SBI PENSION FUND SCHEME E - TIER I DIRECT	54.8587
10	2026-09-11	PFM001	SBI Pension Funds Pvt. Ltd.	SM001025	NPS TRUST A/C SBI PENSION FUND SCHEME E - TIER I DIRECT	55.7438
...
125	2026-04-02	PFM001	SBI Pension Funds Pvt. Ltd.	SM001025	NPS TRUST A/C SBI PENSION FUND SCHEME E - TIER I DIRECT	52.5434
126	2026-04-01	PFM001	SBI Pension Funds Pvt. Ltd.	SM001025	NPS TRUST A/C SBI PENSION FUND SCHEME E - TIER I DIRECT	51.6234
127	2026-03-31	PFM001	SBI Pension Funds Pvt. Ltd.	SM001003	SBI PENSION FUND SCHEME E - TIER I	51.6234
...
4256	2009-05-11	PFM001	SBI Pension Funds Pvt Ltd	SM001003	SBI PENSION FUND SCHEME E - TIER I	10
4257	2009-05-08	PFM001	SBI Pension Funds Pvt Ltd	SM001003	SBI PENSION FUND SCHEME E - TIER I	10
4258	2009-05-07	PFM001	SBI Pension Funds Pvt Ltd	SM001003	SBI PENSION FUND SCHEME E - TIER I	10
4259	2009-05-06	PFM001	SBI Pension Funds Pvt Ltd	SM001003	SBI PENSION FUND SCHEME E - TIER I	10
4260	2009-05-05	PFM001	SBI Pension Funds Pvt Ltd	SM001003	SBI PENSION FUND SCHEME E - TIER I	10
