date,nav,scheme_code
2016-10-10,10,SM001012
2016-10-13,10,SM001012
2016-10-14,10,SM001012
2016-10-17,10,SM001012
2016-10-18,10,SM001012
2016-10-19,10,SM001012
2016-10-20,10,SM001012
2016-10-21,10,SM001012
2016-10-24,10.0056,SM001012
2016-10-25,10.0072,SM001012
2016-10-26,10.0089,SM001012
2016-10-27,10.0107,SM001012
2016-10-28,10.0125,SM001012
2016-11-01,10.0195,SM001012
2016-11-02,10.0212,SM001012
2016-11-03,10.023,SM001012
2016-11-04,10.0248,SM001012
2016-11-07,10.0298,SM001012
2016-11-08,10.0314,SM001012
2016-11-10,10.0351,SM001012
2016-11-11,10.037,SM001012
2016-11-15,10.0443,SM001012
2016-11-16,10.0465,SM001012
2016-11-17,10.0485,SM001012
2016-11-18,10.0503,SM001012
2016-11-21,10.0558,SM001012
2016-11-22,10.0578,SM001012
2016-11-23,10.0597,SM001012
2016-11-24,10.0617,SM001012
2016-11-25,10.0639,SM001012
2016-11-28,10.0694,SM001012
2016-11-29,10.0709,SM001012
2016-11-30,10.0729,SM001012
2016-12-01,10.0747,SM001012
2016-12-02,10.0766,SM001012
2016-12-05,10.0817,SM001012
2016-12-06,10.0837,SM001012
2016-12-07,10.0856,SM001012
2016-12-08,10.0858,SM001012
2016-12-09,10.0875,SM001012
2016-12-13,10.0945,SM001012
2016-12-14,10.0964,SM001012
2016-12-15,10.0982,SM001012
2016-12-16,10.1,SM001012
2016-12-19,10.1054,SM001012
2016-12-20,10.1072,SM001012
2016-12-21,10.1089,SM001012
2016-12-22,10.1107,SM001012
2016-12-23,10.1124,SM001012
2016-12-26,10.1178,SM001012
2016-12-27,10.1195,SM001012
2016-12-28,10.1213,SM001012
2016-12-29,10.1231,SM001012
2016-12-30,10.125,SM001012
2017-01-02,10.1307,SM001012
2017-01-03,10.1325,SM001012
2017-01-04,10.1343,SM001012
2017-01-05,10.1361,SM001012
2017-01-06,10.1379,SM001012
2017-01-09,10.1435,SM001012
2017-01-10,10.1453,SM001012
2017-01-11,10.1471,SM001012
2017-01-12,10.1489,SM001012
2017-01-13,10.1507,SM001012
2017-01-16,10.1562,SM001012
2017-01-17,10.158,SM001012
2017-01-18,10.1599,SM001012
2017-01-19,10.1617,SM001012
2017-01-20,10.1635,SM001012
2017-01-23,10.1691,SM001012
2017-01-24,10.171,SM001012
2017-01-25,10.1728,SM001012
2017-01-27,10.1765,SM001012
2017-01-30,10.1821,SM001012
2017-01-31,10.184,SM001012
2017-02-01,10.1859,SM001012
2017-02-02,10.1878,SM001012
2017-02-03,10.1896,SM001012
2017-02-06,10.1952,SM001012
2017-02-07,10.1971,SM001012
2017-02-08,10.199,SM001012
2017-02-09,10.2005,SM001012
2017-02-10,10.2023,SM001012
2017-02-13,10.208,SM001012
2017-02-14,10.2099,SM001012
2017-02-15,10.2118,SM001012
2017-02-16,10.2136,SM001012
2017-02-17,10.2154,SM001012
2017-02-20,10.2211,SM001012
2017-02-22,10.2248,SM001012
2017-02-23,10.2267,SM001012
2017-02-27,10.2342,SM001012
2017-02-28,10.2361,SM001012
2017-03-01,10.238,SM001012
2017-03-02,10.2398,SM001012
2017-03-03,10.2417,SM001012
2017-03-06,10.2473,SM001012
2017-03-07,10.249,SM001012
2017-03-08,10.2508,SM001012
2017-03-09,10.2526,SM001012
2017-03-10,10.2545,SM001012
2017-03-14,10.2621,SM001012
2017-03-15,10.264,SM001012
2017-03-16,10.2659,SM001012
2017-03-17,10.2677,SM001012
2017-03-20,10.2737,SM001012
2017-03-21,10.2756,SM001012
2017-03-22,10.2776,SM001012
2017-03-23,10.2795,SM001012
2017-03-24,10.2814,SM001012
2017-03-27,10.2871,SM001012
2017-03-29,10.2908,SM001012
2017-03-30,10.2926,SM001012
2017-03-31,10.2946,SM001012
2017-04-03,10.3015,SM001012
2017-04-05,10.3054,SM001012
2017-04-06,10.3072,SM001012
2017-04-07,10.309,SM001012
2017-04-10,10.3144,SM001012
2017-04-11,10.3163,SM001012
2017-04-12,10.3182,SM001012
2017-04-13,10.3201,SM001012
2017-04-17,10.3274,SM001012
2017-04-18,10.3292,SM001012
2017-04-19,10.331,SM001012
2017-04-20,10.3328,SM001012
2017-04-21,10.3347,SM001012
2017-04-24,10.3401,SM001012
2017-04-25,10.3419,SM001012
2017-04-26,10.3437,SM001012
2017-04-27,10.3454,SM001012
2017-04-28,10.3473,SM001012
2017-05-02,10.3546,SM001012
2017-05-03,10.3564,SM001012
2017-05-04,10.3583,SM001012
2017-05-05,10.3601,SM001012
2017-05-08,10.3655,SM001012
2017-05-09,10.3674,SM001012
2017-05-11,10.371,SM001012
2017-05-12,10.3729,SM001012
2017-05-15,10.3783,SM001012
2017-05-16,10.3802,SM001012
2017-05-17,10.3821,SM001012
2017-05-18,10.384,SM001012
2017-05-19,10.3859,SM001012
2017-05-22,10.3914,SM001012
2017-05-23,10.3932,SM001012
2017-05-24,10.3951,SM001012
2017-05-25,10.397,SM001012
2017-05-26,10.3988,SM001012
2017-05-29,10.4044,SM001012
2017-05-30,10.4063,SM001012
2017-05-31,10.4081,SM001012
2017-06-01,10.4101,SM001012
2017-06-02,10.4119,SM001012
2017-06-05,10.4174,SM001012
2017-06-06,10.4193,SM001012
2017-06-07,10.4211,SM001012
2017-06-08,10.423,SM001012
2017-06-09,10.4248,SM001012
2017-06-12,10.4305,SM001012
2017-06-13,10.4323,SM001012
2017-06-14,10.4342,SM001012
2017-06-15,10.4361,SM001012
2017-06-16,10.4379,SM001012
2017-06-19,10.4435,SM001012
2017-06-20,10.4454,SM001012
2017-06-21,10.4473,SM001012
2017-06-22,10.4491,SM001012
2017-06-23,10.451,SM001012
2017-06-27,10.4585,SM001012
2017-06-28,10.4605,SM001012
2017-06-29,10.4624,SM001012
2017-06-30,10.4642,SM001012
2017-07-03,10.4702,SM001012
2017-07-04,10.4721,SM001012
2017-07-05,10.474,SM001012
2017-07-06,10.476,SM001012
2017-07-07,10.4779,SM001012
2017-07-10,10.4839,SM001012
2017-07-11,10.4859,SM001012
2017-07-12,10.4878,SM001012
2017-07-13,10.4897,SM001012
2017-07-14,10.4915,SM001012
2017-07-17,10.4972,SM001012
2017-07-18,10.4991,SM001012
2017-07-19,10.501,SM001012
2017-07-20,10.5029,SM001012
2017-07-21,10.5048,SM001012
2017-07-24,10.5105,SM001012
2017-07-25,10.5124,SM001012
2017-07-26,10.5143,SM001012
2017-07-27,10.5161,SM001012
2017-07-28,10.518,SM001012
2017-07-31,10.5236,SM001012
2017-08-01,10.5254,SM001012
2017-08-02,10.5273,SM001012
2017-08-03,10.5292,SM001012
2017-08-04,10.5311,SM001012
2017-08-07,10.5368,SM001012
2017-08-08,10.5387,SM001012
2017-08-09,10.5406,SM001012
2017-08-10,10.5426,SM001012
2017-08-11,10.5445,SM001012
2017-08-14,10.55,SM001012
2017-08-16,10.5537,SM001012
2017-08-18,10.5574,SM001012
2017-08-21,10.563,SM001012
2017-08-22,10.5648,SM001012
2017-08-23,10.5666,SM001012
2017-08-24,10.5685,SM001012
2017-08-28,10.5758,SM001012
2017-08-29,10.5776,SM001012
2017-08-30,10.5795,SM001012
2017-08-31,10.5813,SM001012
2017-09-01,10.5831,SM001012
2017-09-04,10.5887,SM001012
2017-09-05,10.5905,SM001012
2017-09-06,10.5923,SM001012
2017-09-07,10.5942,SM001012
2017-09-08,10.596,SM001012
2017-09-11,10.6015,SM001012
2017-09-12,10.6033,SM001012
2017-09-13,10.6052,SM001012
2017-09-14,10.6071,SM001012
2017-09-15,10.6089,SM001012
2017-09-18,10.6146,SM001012
2017-09-19,10.6164,SM001012
2017-09-20,10.6183,SM001012
2017-09-21,10.6202,SM001012
2017-09-22,10.6221,SM001012
2017-09-25,10.6277,SM001012
2017-09-26,10.6297,SM001012
2017-09-27,10.6316,SM001012
2017-09-28,10.6335,SM001012
2017-09-29,10.6353,SM001012
2017-10-03,10.6432,SM001012
2017-10-04,10.6451,SM001012
2017-10-05,10.647,SM001012
2017-10-06,10.6488,SM001012
2017-10-09,10.6543,SM001012
2017-10-10,10.6562,SM001012
2017-10-11,10.658,SM001012
2017-10-12,10.6599,SM001012
2017-10-13,10.6618,SM001012
2017-10-16,10.6675,SM001012
2017-10-17,10.6694,SM001012
2017-10-18,10.6712,SM001012
2017-10-23,10.6804,SM001012
2017-10-24,10.6822,SM001012
2017-10-25,10.6841,SM001012
2017-10-26,10.6859,SM001012
2017-10-27,10.6877,SM001012
2017-10-30,10.6933,SM001012
2017-10-31,10.6952,SM001012
2017-11-01,10.6971,SM001012
2017-11-02,10.699,SM001012
2017-11-03,10.7009,SM001012
2017-11-06,10.7066,SM001012
2017-11-07,10.7085,SM001012
2017-11-08,10.7103,SM001012
2017-11-09,10.7122,SM001012
2017-11-10,10.7141,SM001012
2017-11-13,10.7197,SM001012
2017-11-14,10.7216,SM001012
2017-11-15,10.7234,SM001012
2017-11-16,10.7253,SM001012
2017-11-17,10.7271,SM001012
2017-11-20,10.9312,SM001012
2017-11-21,10.7589,SM001012
2017-11-22,10.7656,SM001012
2017-11-23,10.9136,SM001012
2017-11-24,11.0397,SM001012
2017-11-27,11.0454,SM001012
2017-11-28,11.0403,SM001012
2017-11-29,10.889,SM001012
2017-11-30,10.9157,SM001012
2017-12-04,11.0519,SM001012
2017-12-05,11.0556,SM001012
2017-12-06,10.9337,SM001012
2017-12-07,10.9359,SM001012
2017-12-08,10.9265,SM001012
2017-12-11,11.0519,SM001012
2017-12-12,11.0455,SM001012
2017-12-13,11.0432,SM001012
2017-12-14,10.9282,SM001012
2017-12-15,11.0365,SM001012
2017-12-18,10.9371,SM001012
2017-12-19,10.8082,SM001012
2017-12-20,10.939,SM001012
2017-12-21,10.9341,SM001012
2017-12-22,10.9382,SM001012
2017-12-26,11.0339,SM001012
2017-12-27,10.8036,SM001012
2017-12-28,10.8831,SM001012
2017-12-29,11.0297,SM001012
2018-01-01,10.9012,SM001012
2018-01-02,10.8168,SM001012
2018-01-03,11.0313,SM001012
2018-01-04,11.033,SM001012
2018-01-05,10.8241,SM001012
2018-01-08,11.052,SM001012
2018-01-09,10.9149,SM001012
2018-01-10,10.9126,SM001012
2018-01-11,10.9263,SM001012
2018-01-12,10.928,SM001012
2018-01-15,10.9179,SM001012
2018-01-16,10.9535,SM001012
2018-01-17,10.9208,SM001012
2018-01-18,10.9445,SM001012
2018-01-19,10.8665,SM001012
2018-01-22,11.0474,SM001012
2018-01-23,10.957,SM001012
2018-01-24,11.0542,SM001012
2018-01-25,11.0523,SM001012
2018-01-29,10.9026,SM001012
2018-01-30,10.9546,SM001012
2018-01-31,10.9914,SM001012
2018-02-01,10.9508,SM001012
2018-02-02,10.9556,SM001012
2018-02-05,10.9549,SM001012
2018-02-06,10.9641,SM001012
2018-02-07,11.0484,SM001012
2018-02-08,10.9692,SM001012
2018-02-09,10.9749,SM001012
2018-02-12,10.9902,SM001012
2018-02-14,11.0672,SM001012
2018-02-15,11.0012,SM001012
2018-02-16,11.0578,SM001012
2018-02-20,10.9521,SM001012
2018-02-21,10.9971,SM001012
2018-02-22,10.9826,SM001012
2018-02-23,10.9203,SM001012
2018-02-26,10.95,SM001012
2018-02-27,10.9655,SM001012
2018-02-28,10.918,SM001012
2018-03-01,10.9308,SM001012
2018-03-05,10.9182,SM001012
2018-03-06,10.9216,SM001012
2018-03-07,10.9242,SM001012
2018-03-08,10.9537,SM001012
2018-03-09,10.9527,SM001012
2018-03-12,10.9718,SM001012
2018-03-13,11.0072,SM001012
2018-03-14,11.0283,SM001012
2018-03-15,11.0226,SM001012
2018-03-16,11.0278,SM001012
2018-03-19,11.0435,SM001012
2018-03-20,11.045,SM001012
2018-03-21,11.0596,SM001012
2018-03-22,11.0325,SM001012
2018-03-23,11.0625,SM001012
2018-03-26,11.0771,SM001012
2018-03-27,11.181,SM001012
2018-03-28,11.1376,SM001012
2018-03-31,11.2997,SM001012
2018-04-03,11.2064,SM001012
2018-04-04,11.1597,SM001012
2018-04-05,11.1856,SM001012
2018-04-06,11.187,SM001012
2018-04-09,11.236,SM001012
2018-04-10,11.2286,SM001012
2018-04-11,11.2818,SM001012
2018-04-12,11.226,SM001012
2018-04-13,11.2683,SM001012
2018-04-16,11.2925,SM001012
2018-04-17,11.2655,SM001012
2018-04-18,11.2292,SM001012
2018-04-19,11.2285,SM001012
2018-04-20,11.1497,SM001012
2018-04-23,11.1833,SM001012
2018-04-24,11.1655,SM001012
2018-04-25,11.1381,SM001012
2018-04-26,11.1611,SM001012
2018-04-27,11.1184,SM001012
2018-05-02,11.1408,SM001012
2018-05-03,11.1531,SM001012
2018-05-04,11.2015,SM001012
2018-05-07,11.235,SM001012
2018-05-08,11.2059,SM001012
2018-05-09,11.1656,SM001012
2018-05-10,11.1591,SM001012
2018-05-11,11.129,SM001012
2018-05-14,11.1282,SM001012
2018-05-15,11.0898,SM001012
2018-05-16,11.0589,SM001012
2018-05-17,10.9844,SM001012
2018-05-18,11.0643,SM001012
2018-05-21,11.1731,SM001012
2018-05-22,11.1549,SM001012
2018-05-23,11.0788,SM001012
2018-05-24,11.1242,SM001012
2018-05-25,11.1848,SM001012
2018-05-28,11.2012,SM001012
2018-05-29,11.1199,SM001012
2018-05-30,11.1695,SM001012
2018-05-31,11.112,SM001012
2018-06-01,11.1321,SM001012
2018-06-04,11.2105,SM001012
2018-06-05,11.1542,SM001012
2018-06-06,11.086,SM001012
2018-06-07,11.0811,SM001012
2018-06-08,11.0931,SM001012
2018-06-11,11.0477,SM001012
2018-06-12,11.094,SM001012
2018-06-13,11.1489,SM001012
2018-06-14,11.1393,SM001012
2018-06-15,11.1476,SM001012
2018-06-18,11.1575,SM001012
2018-06-19,11.2083,SM001012
2018-06-20,11.1727,SM001012
2018-06-21,11.2028,SM001012
2018-06-22,11.2367,SM001012
2018-06-25,11.2302,SM001012
2018-06-26,11.2487,SM001012
2018-06-27,11.2382,SM001012
2018-06-28,11.2186,SM001012
2018-06-29,11.2073,SM001012
2018-07-02,11.2592,SM001012
2018-07-03,11.2336,SM001012
2018-07-04,11.2481,SM001012
2018-07-05,11.2733,SM001012
2018-07-06,11.2749,SM001012
2018-07-09,11.2838,SM001012
2018-07-10,11.2603,SM001012
2018-07-11,11.2524,SM001012
2018-07-12,11.2694,SM001012
2018-07-13,11.2697,SM001012
2018-07-16,11.2635,SM001012
2018-07-17,11.3041,SM001012
2018-07-18,11.3161,SM001012
2018-07-19,11.2398,SM001012
2018-07-20,11.2886,SM001012
2018-07-23,11.2988,SM001012
2018-07-24,11.3188,SM001012
2018-07-25,11.3229,SM001012
2018-07-26,11.2791,SM001012
2018-07-27,11.2582,SM001012
2018-07-30,11.3185,SM001012
2018-07-31,11.2853,SM001012
2018-08-01,11.3643,SM001012
2018-08-02,11.3683,SM001012
2018-08-03,11.3546,SM001012
2018-08-06,11.3554,SM001012
2018-08-07,11.3368,SM001012
2018-08-08,11.3399,SM001012
2018-08-09,11.3477,SM001012
2018-08-10,11.3616,SM001012
2018-08-13,11.3833,SM001012
2018-08-14,11.3826,SM001012
2018-08-16,11.3649,SM001012
2018-08-20,11.3159,SM001012
2018-08-21,11.3761,SM001012
2018-08-23,11.4065,SM001012
2018-08-24,11.3668,SM001012
2018-08-27,11.372,SM001012
2018-08-28,11.3696,SM001012
2018-08-29,11.3861,SM001012
2018-08-30,11.4214,SM001012
2018-08-31,11.3837,SM001012
2018-09-03,11.3799,SM001012
2018-09-04,11.3438,SM001012
2018-09-05,11.3242,SM001012
2018-09-06,11.2839,SM001012
2018-09-07,11.2905,SM001012
2018-09-10,11.2616,SM001012
2018-09-11,11.3131,SM001012
2018-09-12,11.3404,SM001012
2018-09-14,11.2544,SM001012
2018-09-17,11.2736,SM001012
2018-09-18,11.3442,SM001012
2018-09-19,11.2982,SM001012
2018-09-21,11.2497,SM001012
2018-09-24,11.2272,SM001012
2018-09-25,11.206,SM001012
2018-09-26,11.2052,SM001012
2018-09-27,11.2261,SM001012
2018-09-28,11.3093,SM001012
2018-10-01,11.1826,SM001012
2018-10-03,11.324,SM001012
2018-10-04,11.2783,SM001012
2018-10-05,11.2751,SM001012
2018-10-08,11.3315,SM001012
2018-10-09,11.3155,SM001012
2018-10-10,11.2779,SM001012
2018-10-11,11.2623,SM001012
2018-10-12,11.2229,SM001012
2018-10-15,11.28,SM001012
2018-10-16,11.2698,SM001012
2018-10-17,11.3508,SM001012
2018-10-19,11.3279,SM001012
2018-10-22,11.3582,SM001012
2018-10-23,11.3365,SM001012
2018-10-24,11.2771,SM001012
2018-10-25,11.2916,SM001012
2018-10-26,11.305,SM001012
2018-10-29,11.2914,SM001012
2018-10-30,11.3016,SM001012
2018-10-31,11.2732,SM001012
2018-11-01,11.2806,SM001012
2018-11-02,11.3015,SM001012
2018-11-05,11.317,SM001012
2018-11-06,11.3672,SM001012
2018-11-09,11.4294,SM001012
2018-11-12,11.3931,SM001012
2018-11-13,11.4008,SM001012
2018-11-14,11.4026,SM001012
2018-11-15,11.4688,SM001012
2018-11-16,11.394,SM001012
2018-11-19,11.4048,SM001012
2018-11-20,11.5086,SM001012
2018-11-22,11.4251,SM001012
2018-11-26,11.4569,SM001012
2018-11-27,11.4958,SM001012
2018-11-28,11.4662,SM001012
2018-11-29,11.5289,SM001012
2018-11-30,11.4618,SM001012
2018-12-03,11.5406,SM001012
2018-12-04,11.5736,SM001012
2018-12-05,11.6005,SM001012
2018-12-06,11.6205,SM001012
2018-12-07,11.6076,SM001012
2018-12-10,11.5776,SM001012
2018-12-11,11.5783,SM001012
2018-12-12,11.6065,SM001012
2018-12-13,11.6274,SM001012
2018-12-14,11.6199,SM001012
2018-12-17,11.6113,SM001012
2018-12-18,11.6259,SM001012
2018-12-19,11.6609,SM001012
2018-12-20,11.6923,SM001012
2018-12-21,11.7011,SM001012
2018-12-24,11.7155,SM001012
2018-12-26,11.7138,SM001012
2018-12-27,11.6995,SM001012
2018-12-28,11.7211,SM001012
2018-12-31,11.7322,SM001012
2019-01-01,11.7189,SM001012
2019-01-02,11.7301,SM001012
2019-01-03,11.8333,SM001012
2019-01-04,11.624,SM001012
2019-01-07,11.7341,SM001012
2019-01-08,11.7306,SM001012
2019-01-09,11.7509,SM001012
2019-01-10,11.7619,SM001012
2019-01-11,11.7698,SM001012
2019-01-14,11.7856,SM001012
2019-01-15,11.7579,SM001012
2019-01-16,11.7437,SM001012
2019-01-17,11.7417,SM001012
2019-01-18,11.6454,SM001012
2019-01-21,11.6815,SM001012
2019-01-22,11.7143,SM001012
2019-01-23,11.7129,SM001012
2019-01-24,11.7151,SM001012
2019-01-25,11.7091,SM001012
2019-01-28,11.7388,SM001012
2019-01-29,11.7893,SM001012
2019-01-30,11.7175,SM001012
2019-01-31,11.7358,SM001012
2019-02-01,11.6888,SM001012
2019-02-04,11.723,SM001012
2019-02-05,11.6627,SM001012
2019-02-06,11.6951,SM001012
2019-02-07,11.6961,SM001012
2019-02-08,11.7476,SM001012
2019-02-11,11.7711,SM001012
2019-02-12,11.7592,SM001012
2019-02-13,11.7679,SM001012
2019-02-14,11.7929,SM001012
2019-02-15,11.7436,SM001012
2019-02-18,11.7458,SM001012
2019-02-20,11.7232,SM001012
2019-02-21,11.7153,SM001012
2019-02-22,11.6885,SM001012
2019-02-25,11.7388,SM001012
2019-02-26,11.7972,SM001012
2019-02-27,11.7203,SM001012
2019-02-28,11.7211,SM001012
2019-03-01,11.7395,SM001012
2019-03-05,11.7802,SM001012
2019-03-06,11.7707,SM001012
2019-03-07,11.7731,SM001012
2019-03-08,11.7837,SM001012
2019-03-11,11.8075,SM001012
2019-03-12,11.7635,SM001012
2019-03-13,11.7646,SM001012
2019-03-14,11.8322,SM001012
2019-03-15,11.8501,SM001012
2019-03-18,11.7983,SM001012
2019-03-19,11.8541,SM001012
2019-03-20,11.8678,SM001012
2019-03-22,12.035,SM001012
2019-03-25,11.9193,SM001012
2019-03-26,11.9385,SM001012
2019-03-27,11.8918,SM001012
2019-03-28,11.8919,SM001012
2019-03-29,11.9452,SM001012
2019-03-30,12.1313,SM001012
2019-03-31,12.1337,SM001012
2019-04-02,12.0741,SM001012
2019-04-03,12.058,SM001012
2019-04-04,12.0155,SM001012
2019-04-05,12.1,SM001012
2019-04-08,12.0757,SM001012
2019-04-09,12.0544,SM001012
2019-04-10,12.0127,SM001012
2019-04-11,12.0586,SM001012
2019-04-12,12.021,SM001012
2019-04-15,12.0974,SM001012
2019-04-16,12.1027,SM001012
2019-04-18,12.0884,SM001012
2019-04-22,12.1026,SM001012
2019-04-23,12.0706,SM001012
2019-04-24,12.0977,SM001012
2019-04-25,12.02,SM001012
2019-04-26,12.0664,SM001012
2019-04-30,12.0853,SM001012
2019-05-02,12.0988,SM001012
2019-05-03,12.088,SM001012
2019-05-06,12.0916,SM001012
2019-05-07,12.1657,SM001012
2019-05-08,12.0995,SM001012
2019-05-09,12.1029,SM001012
2019-05-10,12.0956,SM001012
2019-05-13,12.1568,SM001012
2019-05-14,12.103,SM001012
2019-05-15,12.124,SM001012
2019-05-16,12.1334,SM001012
2019-05-17,12.1294,SM001012
2019-05-20,12.16,SM001012
2019-05-21,12.1728,SM001012
2019-05-22,12.1682,SM001012
2019-05-23,12.1695,SM001012
2019-05-24,12.2089,SM001012
2019-05-27,12.2286,SM001012
2019-05-28,12.2026,SM001012
2019-05-29,12.2135,SM001012
2019-05-30,12.22,SM001012
2019-05-31,12.2125,SM001012
2019-06-03,12.2607,SM001012
2019-06-04,12.2642,SM001012
2019-06-06,12.3052,SM001012
2019-06-07,12.2766,SM001012
2019-06-10,12.2586,SM001012
2019-06-11,12.262,SM001012
2019-06-12,12.2412,SM001012
2019-06-13,12.2802,SM001012
2019-06-14,12.2944,SM001012
2019-06-17,12.294,SM001012
2019-06-18,12.3147,SM001012
2019-06-19,12.3421,SM001012
2019-06-20,12.266,SM001012
2019-06-21,12.2923,SM001012
2019-06-24,12.3239,SM001012
2019-06-25,12.2952,SM001012
2019-06-26,12.2966,SM001012
2019-06-27,12.332,SM001012
2019-06-28,12.3257,SM001012
2019-07-01,12.3429,SM001012
2019-07-02,12.3211,SM001012
2019-07-03,12.2847,SM001012
2019-07-04,12.3167,SM001012
2019-07-05,12.3641,SM001012
2019-07-08,12.366,SM001012
2019-07-09,12.3816,SM001012
2019-07-10,12.3844,SM001012
2019-07-11,12.3804,SM001012
2019-07-12,12.3905,SM001012
2019-07-15,12.3776,SM001012
2019-07-16,12.4128,SM001012
2019-07-17,12.4148,SM001012
2019-07-18,12.4137,SM001012
2019-07-19,12.4129,SM001012
2019-07-22,12.4068,SM001012
2019-07-23,12.4053,SM001012
2019-07-24,12.4179,SM001012
2019-07-25,12.4029,SM001012
2019-07-26,12.4428,SM001012
2019-07-29,12.4202,SM001012
2019-07-30,12.4501,SM001012
2019-07-31,12.4499,SM001012
2019-08-01,12.4987,SM001012
2019-08-02,12.3984,SM001012
2019-08-05,12.4234,SM001012
2019-08-06,12.4813,SM001012
2019-08-07,12.4635,SM001012
2019-08-08,12.4707,SM001012
2019-08-09,12.4805,SM001012
2019-08-10,12.4819,SM001012
2019-08-13,12.454,SM001012
2019-08-14,12.4987,SM001012
2019-08-16,12.5048,SM001012
2019-08-19,12.4945,SM001012
2019-08-20,12.4896,SM001012
2019-08-21,12.5114,SM001012
2019-08-22,12.5239,SM001012
2019-08-23,12.5279,SM001012
2019-08-26,12.5235,SM001012
2019-08-27,12.5602,SM001012
2019-08-28,12.5306,SM001012
2019-08-29,12.5309,SM001012
2019-08-30,12.5267,SM001012
2019-09-03,12.5462,SM001012
2019-09-04,12.5502,SM001012
2019-09-05,12.54,SM001012
2019-09-06,12.521,SM001012
2019-09-09,12.5739,SM001012
2019-09-11,12.5707,SM001012
2019-09-12,12.6112,SM001012
2019-09-13,12.6156,SM001012
2019-09-16,12.5617,SM001012
2019-09-17,12.5902,SM001012
2019-09-18,12.6051,SM001012
2019-09-19,12.5903,SM001012
2019-09-20,12.5873,SM001012
2019-09-23,12.6145,SM001012
2019-09-24,12.5929,SM001012
2019-09-25,12.6055,SM001012
2019-09-26,12.6063,SM001012
2019-09-27,12.5821,SM001012
2019-09-30,12.6137,SM001012
2019-10-01,12.6395,SM001012
2019-10-03,12.6623,SM001012
2019-10-04,12.6573,SM001012
2019-10-07,12.667,SM001012
2019-10-09,12.6695,SM001012
2019-10-10,12.6394,SM001012
2019-10-11,12.6582,SM001012
2019-10-14,12.6927,SM001012
2019-10-15,12.6926,SM001012
2019-10-16,12.7035,SM001012
2019-10-17,12.6849,SM001012
2019-10-18,12.72,SM001012
2019-10-22,12.6989,SM001012
2019-10-23,12.6867,SM001012
2019-10-24,12.6982,SM001012
2019-10-25,12.7229,SM001012
2019-10-29,12.7321,SM001012
2019-10-30,12.7361,SM001012
2019-10-31,12.704,SM001012
2019-11-01,12.7558,SM001012
2019-11-04,12.7409,SM001012
2019-11-05,12.7628,SM001012
2019-11-06,12.7679,SM001012
2019-11-07,12.7672,SM001012
2019-11-08,12.766,SM001012
2019-11-11,12.7714,SM001012
2019-11-13,12.7485,SM001012
2019-11-14,12.7793,SM001012
2019-11-15,12.8171,SM001012
2019-11-18,12.7946,SM001012
2019-11-19,12.7838,SM001012
2019-11-20,12.7983,SM001012
2019-11-21,12.8345,SM001012
2019-11-22,12.8364,SM001012
2019-11-25,12.8065,SM001012
2019-11-26,12.7684,SM001012
2019-11-27,12.7884,SM001012
2019-11-28,12.8323,SM001012
2019-11-29,12.83,SM001012
2019-12-02,12.8378,SM001012
2019-12-03,12.8428,SM001012
2019-12-04,12.8725,SM001012
2019-12-05,12.8344,SM001012
2019-12-06,12.8466,SM001012
2019-12-09,12.8528,SM001012
2019-12-10,12.8378,SM001012
2019-12-11,12.806,SM001012
2019-12-12,12.8545,SM001012
2019-12-13,12.8326,SM001012
2019-12-16,12.8326,SM001012
2019-12-17,12.8359,SM001012
2019-12-18,12.8734,SM001012
2019-12-19,12.86,SM001012
2019-12-20,12.8676,SM001012
2019-12-23,12.8732,SM001012
2019-12-24,12.8829,SM001012
2019-12-26,12.8786,SM001012
2019-12-27,12.8583,SM001012
2019-12-30,12.8909,SM001012
2019-12-31,12.8731,SM001012
2020-01-01,12.8292,SM001012
2020-01-02,12.8322,SM001012
2020-01-03,12.8382,SM001012
2020-01-06,12.8428,SM001012
2020-01-07,12.8483,SM001012
2020-01-08,12.8524,SM001012
2020-01-09,12.8545,SM001012
2020-01-10,12.8546,SM001012
2020-01-13,12.8609,SM001012
2020-01-14,12.8637,SM001012
2020-01-15,12.8669,SM001012
2020-01-16,12.8691,SM001012
2020-01-17,12.8718,SM001012
2020-01-20,12.8808,SM001012
2020-01-21,12.8876,SM001012
2020-01-22,12.8977,SM001012
2020-01-23,12.9017,SM001012
2020-01-24,12.9011,SM001012
2020-01-27,12.9076,SM001012
2020-01-28,12.9097,SM001012
2020-01-29,12.9086,SM001012
2020-01-30,12.9151,SM001012
2020-01-31,12.9144,SM001012
2020-02-03,12.9241,SM001012
2020-02-04,12.9274,SM001012
2020-02-05,12.934,SM001012
2020-02-06,12.9521,SM001012
2020-02-07,12.9624,SM001012
2020-02-10,12.9801,SM001012
2020-02-11,12.9809,SM001012
2020-02-12,12.9763,SM001012
2020-02-13,12.9761,SM001012
2020-02-14,12.9781,SM001012
2020-02-17,12.9857,SM001012
2020-02-18,12.9859,SM001012
2020-02-20,12.9868,SM001012
2020-02-24,12.997,SM001012
2020-02-25,13.0009,SM001012
2020-02-26,13.0058,SM001012
2020-02-27,13.0074,SM001012
2020-02-28,13.0074,SM001012
2020-03-02,13.0124,SM001012
2020-03-03,13.0177,SM001012
2020-03-04,13.0221,SM001012
2020-03-05,13.0171,SM001012
2020-03-06,13.0208,SM001012
2020-03-09,12.9173,SM001012
2020-03-11,12.9335,SM001012
2020-03-12,12.9145,SM001012
2020-03-13,12.8945,SM001012
2020-03-16,12.8937,SM001012
2020-03-17,12.8843,SM001012
2020-03-18,12.8561,SM001012
2020-03-19,12.8285,SM001012
2020-03-20,12.8398,SM001012
2020-03-23,12.8269,SM001012
2020-03-24,12.8175,SM001012
2020-03-26,12.8064,SM001012
2020-03-27,12.9094,SM001012
2020-03-30,12.9048,SM001012
2020-03-31,12.9144,SM001012
2020-04-03,12.9312,SM001012
2020-04-07,12.9264,SM001012
2020-04-08,12.8821,SM001012
2020-04-09,12.8842,SM001012
2020-04-13,12.8937,SM001012
2020-04-15,12.8952,SM001012
2020-04-16,12.9104,SM001012
2020-04-17,12.9299,SM001012
2020-04-20,12.9258,SM001012
2020-04-21,12.9408,SM001012
2020-04-22,12.9526,SM001012
2020-04-23,12.9695,SM001012
2020-04-24,12.9628,SM001012
2020-04-27,12.9546,SM001012
2020-04-28,12.9384,SM001012
2020-04-29,12.9432,SM001012
2020-04-30,13.1188,SM001012
2020-05-04,13.1974,SM001012
2020-05-05,13.2428,SM001012
2020-05-06,13.3493,SM001012
2020-05-08,13.4028,SM001012
2020-05-11,13.3665,SM001012
2020-05-12,13.3924,SM001012
2020-05-13,13.4312,SM001012
2020-05-14,13.5122,SM001012
2020-05-15,13.5051,SM001012
2020-05-18,13.516,SM001012
2020-05-19,13.5605,SM001012
2020-05-20,13.601,SM001012
2020-05-21,13.6539,SM001012
2020-05-22,13.7092,SM001012
2020-05-26,13.9334,SM001012
2020-05-27,13.9339,SM001012
2020-05-28,13.935,SM001012
2020-05-29,13.9329,SM001012
2020-06-01,13.9272,SM001012
2020-06-02,13.9213,SM001012
2020-06-03,13.9237,SM001012
2020-06-04,13.9296,SM001012
2020-06-05,13.934,SM001012
2020-06-08,13.9492,SM001012
2020-06-09,13.9466,SM001012
2020-06-10,13.9681,SM001012
2020-06-11,13.9768,SM001012
2020-06-12,13.9784,SM001012
2020-06-15,14.0214,SM001012
2020-06-16,14.0329,SM001012
2020-06-17,14.0534,SM001012
2020-06-18,14.1152,SM001012
2020-06-19,14.1242,SM001012
2020-06-22,14.1355,SM001012
2020-06-23,14.189,SM001012
2020-06-24,14.2086,SM001012
2020-06-25,14.2143,SM001012
2020-06-26,14.2006,SM001012
2020-06-29,14.2088,SM001012
2020-06-30,14.2198,SM001012
2020-07-01,14.2145,SM001012
2020-07-02,14.2357,SM001012
2020-07-03,14.2644,SM001012
2020-07-06,14.3219,SM001012
2020-07-07,14.3625,SM001012
2020-07-08,14.3819,SM001012
2020-07-09,14.397,SM001012
2020-07-10,14.4146,SM001012
2020-07-13,14.3654,SM001012
2020-07-14,14.3812,SM001012
2020-07-15,14.4126,SM001012
2020-07-16,14.3735,SM001012
2020-07-17,14.3237,SM001012
2020-07-20,14.3279,SM001012
2020-07-21,14.3625,SM001012
2020-07-22,14.3615,SM001012
2020-07-23,14.3662,SM001012
2020-07-24,14.317,SM001012
2020-07-27,14.3087,SM001012
2020-07-28,14.3094,SM001012
2020-07-29,14.3135,SM001012
2020-07-30,14.3173,SM001012
2020-07-31,14.3379,SM001012
2020-08-03,14.3289,SM001012
2020-08-04,14.352,SM001012
2020-08-05,14.3436,SM001012
2020-08-06,14.3266,SM001012
2020-08-07,14.3339,SM001012
2020-08-10,14.3428,SM001012
2020-08-11,14.3493,SM001012
2020-08-12,14.3463,SM001012
2020-08-13,14.3469,SM001012
2020-08-14,14.3579,SM001012
2020-08-17,14.3326,SM001012
2020-08-18,14.3634,SM001012
2020-08-19,14.3649,SM001012
2020-08-20,14.3903,SM001012
2020-08-21,14.3535,SM001012
2020-08-24,14.4197,SM001012
2020-08-25,14.4501,SM001012
2020-08-26,14.365,SM001012
2020-08-27,14.3396,SM001012
2020-08-28,14.3668,SM001012
2020-08-31,14.4314,SM001012
2020-09-01,14.4488,SM001012
2020-09-02,14.4551,SM001012
2020-09-03,14.4528,SM001012
2020-09-04,14.4579,SM001012
2020-09-07,14.4448,SM001012
2020-09-08,14.4391,SM001012
2020-09-09,14.4414,SM001012
2020-09-10,14.4408,SM001012
2020-09-11,14.4528,SM001012
2020-09-14,14.4582,SM001012
2020-09-15,14.4391,SM001012
2020-09-16,14.4571,SM001012
2020-09-17,14.4737,SM001012
2020-09-18,14.47,SM001012
2020-09-21,14.4813,SM001012
2020-09-22,14.4908,SM001012
2020-09-23,14.4926,SM001012
2020-09-24,14.5019,SM001012
2020-09-25,14.491,SM001012
2020-09-28,14.4895,SM001012
2020-09-29,14.5076,SM001012
2020-09-30,14.5079,SM001012
2020-10-01,14.5234,SM001012
2020-10-05,14.5397,SM001012
2020-10-06,14.5426,SM001012
2020-10-07,14.5509,SM001012
2020-10-08,14.5548,SM001012
2020-10-09,14.6156,SM001012
2020-10-12,14.6049,SM001012
2020-10-13,14.609,SM001012
2020-10-14,14.6086,SM001012
2020-10-15,14.5292,SM001012
2020-10-16,14.5572,SM001012
2020-10-19,14.5705,SM001012
2020-10-20,14.5754,SM001012
2020-10-21,14.5944,SM001012
2020-10-22,14.599,SM001012
2020-10-23,14.6197,SM001012
2020-10-26,14.6372,SM001012
2020-10-27,14.6365,SM001012
2020-10-28,14.642,SM001012
2020-10-29,14.644,SM001012
2020-11-02,14.6568,SM001012
2020-11-03,14.6571,SM001012
2020-11-04,14.6599,SM001012
2020-11-05,14.6811,SM001012
2020-11-06,14.6922,SM001012
2020-11-09,14.7025,SM001012
2020-11-10,14.6846,SM001012
2020-11-11,14.7323,SM001012
2020-11-12,14.7076,SM001012
2020-11-13,14.6936,SM001012
2020-11-17,14.7022,SM001012
2020-11-18,14.7094,SM001012
2020-11-19,14.7402,SM001012
2020-11-20,14.742,SM001012
2020-11-23,14.756,SM001012
2020-11-24,14.7435,SM001012
2020-11-25,14.7766,SM001012
2020-11-26,14.7615,SM001012
2020-11-27,14.7942,SM001012
2020-12-01,14.7982,SM001012
2020-12-02,14.7973,SM001012
2020-12-03,14.7995,SM001012
2020-12-04,14.839,SM001012
2020-12-07,14.8582,SM001012
2020-12-08,14.8803,SM001012
2020-12-09,14.8668,SM001012
2020-12-10,14.8701,SM001012
2020-12-11,14.8717,SM001012
2020-12-14,14.8768,SM001012
2020-12-15,14.8968,SM001012
2020-12-16,14.9144,SM001012
2020-12-17,14.9181,SM001012
2020-12-18,14.9401,SM001012
2020-12-21,14.9478,SM001012
2020-12-22,14.9435,SM001012
2020-12-23,14.9655,SM001012
2020-12-24,14.9694,SM001012
2020-12-28,14.9965,SM001012
2020-12-29,15.0014,SM001012
2020-12-30,14.9991,SM001012
2020-12-31,15.0229,SM001012
2021-01-01,15.0304,SM001012
2021-01-04,15.0409,SM001012
2021-01-05,15.0866,SM001012
2021-01-06,15.115,SM001012
2021-01-07,15.1278,SM001012
2021-01-08,15.1004,SM001012
2021-01-11,14.9922,SM001012
2021-01-12,14.9965,SM001012
2021-01-13,14.997,SM001012
2021-01-14,15.0187,SM001012
2021-01-15,15.0194,SM001012
2021-01-18,15.0068,SM001012
2021-01-19,15.0122,SM001012
2021-01-20,15.0176,SM001012
2021-01-21,15.0221,SM001012
2021-01-22,15.0123,SM001012
2021-01-25,15.0192,SM001012
2021-01-27,15.0257,SM001012
2021-01-28,15.0311,SM001012
2021-01-29,15.0356,SM001012
2021-02-01,14.9718,SM001012
2021-02-02,14.9649,SM001012
2021-02-03,14.9677,SM001012
2021-02-04,14.9774,SM001012
2021-02-05,14.9784,SM001012
2021-02-08,14.9846,SM001012
2021-02-09,14.9863,SM001012
2021-02-10,14.9913,SM001012
2021-02-11,15.0243,SM001012
2021-02-12,15.0376,SM001012
2021-02-15,15.0623,SM001012
2021-02-16,15.0675,SM001012
2021-02-17,15.0798,SM001012
2021-02-18,15.0814,SM001012
2021-02-22,15.0469,SM001012
2021-02-23,15.0879,SM001012
2021-02-24,15.0866,SM001012
2021-02-25,15.0826,SM001012
2021-02-26,15.0634,SM001012
2021-03-01,15.0904,SM001012
2021-03-02,15.1305,SM001012
2021-03-03,15.136,SM001012
2021-03-04,15.1349,SM001012
2021-03-05,15.1448,SM001012
2021-03-08,15.1568,SM001012
2021-03-09,15.166,SM001012
2021-03-10,15.1519,SM001012
2021-03-12,15.0887,SM001012
2021-03-15,14.867,SM001012
2021-03-16,14.8051,SM001012
2021-03-17,14.8066,SM001012
2021-03-18,14.8158,SM001012
2021-03-19,14.8441,SM001012
2021-03-22,14.7967,SM001012
2021-03-23,14.8047,SM001012
2021-03-24,14.8564,SM001012
2021-03-25,14.8886,SM001012
2021-03-26,14.9342,SM001012
2021-03-30,14.9337,SM001012
2021-03-31,14.9557,SM001012
2021-04-05,14.9382,SM001012
2021-04-06,14.955,SM001012
2021-04-07,14.9686,SM001012
2021-04-08,14.9957,SM001012
2021-04-09,15.0247,SM001012
2021-04-12,15.0427,SM001012
2021-04-15,15.0499,SM001012
2021-04-16,15.0627,SM001012
2021-04-19,15.0463,SM001012
2021-04-20,15.0915,SM001012
2021-04-22,15.1048,SM001012
2021-04-23,15.0617,SM001012
2021-04-26,15.1267,SM001012
2021-04-27,15.1281,SM001012
2021-04-28,15.1027,SM001012
2021-04-29,15.0368,SM001012
2021-04-30,15.0652,SM001012
2021-05-03,15.1434,SM001012
2021-05-04,15.1524,SM001012
2021-05-05,15.1499,SM001012
2021-05-06,15.1239,SM001012
2021-05-07,15.1552,SM001012
2021-05-10,15.1849,SM001012
2021-05-11,15.1908,SM001012
2021-05-12,15.205,SM001012
2021-05-14,15.2067,SM001012
2021-05-17,15.2603,SM001012
2021-05-18,15.295,SM001012
2021-05-19,15.317,SM001012
2021-05-20,15.4091,SM001012
2021-05-21,15.4137,SM001012
2021-05-24,15.3196,SM001012
2021-05-25,15.4105,SM001012
2021-05-27,15.4465,SM001012
2021-05-28,15.3143,SM001012
2021-05-31,15.4106,SM001012
2021-06-01,15.4537,SM001012
2021-06-02,15.4629,SM001012
2021-06-03,15.4573,SM001012
2021-06-04,15.4562,SM001012
2021-06-07,15.4699,SM001012
2021-06-08,15.4721,SM001012
2021-06-09,15.4973,SM001012
2021-06-10,15.5088,SM001012
2021-06-11,15.4762,SM001012
2021-06-14,15.4853,SM001012
2021-06-15,15.4348,SM001012
2021-06-16,15.3472,SM001012
2021-06-17,15.4636,SM001012
2021-06-18,15.4588,SM001012
2021-06-21,15.4831,SM001012
2021-06-22,15.4532,SM001012
2021-06-23,15.4913,SM001012
2021-06-24,15.5064,SM001012
2021-06-25,15.5228,SM001012
2021-06-28,15.4895,SM001012
2021-06-29,15.5151,SM001012
2021-06-30,15.4924,SM001012
2021-07-01,15.534,SM001012
2021-07-02,15.4943,SM001012
2021-07-05,15.5053,SM001012
2021-07-06,15.51,SM001012
2021-07-07,15.5321,SM001012
2021-07-08,15.4911,SM001012
2021-07-09,15.5119,SM001012
2021-07-12,15.5338,SM001012
2021-07-13,15.5612,SM001012
2021-07-14,15.5221,SM001012
2021-07-15,15.531,SM001012
2021-07-16,15.5559,SM001012
2021-07-19,15.6312,SM001012
2021-07-20,15.6458,SM001012
2021-07-22,15.6468,SM001012
2021-07-23,15.5712,SM001012
2021-07-26,15.5748,SM001012
2021-07-27,15.6028,SM001012
2021-07-28,15.6106,SM001012
2021-07-29,15.6493,SM001012
2021-07-30,15.6515,SM001012
2021-08-02,15.6447,SM001012
2021-08-03,15.7207,SM001012
2021-08-04,15.725,SM001012
2021-08-05,15.7048,SM001012
2021-08-06,15.7098,SM001012
2021-08-09,15.7132,SM001012
2021-08-10,15.7129,SM001012
2021-08-11,15.7264,SM001012
2021-08-12,15.7475,SM001012
2021-08-13,15.6268,SM001012
2021-08-17,15.7193,SM001012
2021-08-18,15.7611,SM001012
2021-08-20,15.68,SM001012
2021-08-23,15.7905,SM001012
2021-08-24,15.7671,SM001012
2021-08-25,15.7613,SM001012
2021-08-26,15.7381,SM001012
2021-08-27,15.7614,SM001012
2021-08-30,15.7668,SM001012
2021-08-31,15.7791,SM001012
2021-09-01,15.8053,SM001012
2021-09-02,15.8024,SM001012
2021-09-03,15.7888,SM001012
2021-09-06,15.7971,SM001012
2021-09-07,15.8076,SM001012
2021-09-08,15.8222,SM001012
2021-09-09,15.8412,SM001012
2021-09-13,15.8436,SM001012
2021-09-14,15.8272,SM001012
2021-09-15,15.8268,SM001012
2021-09-16,15.8671,SM001012
2021-09-17,15.8491,SM001012
2021-09-20,15.8795,SM001012
2021-09-21,15.88,SM001012
2021-09-22,15.8763,SM001012
2021-09-23,15.8481,SM001012
2021-09-24,15.8496,SM001012
2021-09-27,15.8708,SM001012
2021-09-28,15.8796,SM001012
2021-09-29,15.8677,SM001012
2021-09-30,15.9231,SM001012
2021-10-01,15.9403,SM001012
2021-10-04,15.9465,SM001012
2021-10-05,15.9297,SM001012
2021-10-06,15.9299,SM001012
2021-10-07,15.923,SM001012
2021-10-08,15.9179,SM001012
2021-10-11,15.916,SM001012
2021-10-12,15.9216,SM001012
2021-10-13,15.9784,SM001012
2021-10-14,16.03,SM001012
2021-10-18,16.0508,SM001012
2021-10-20,16.0332,SM001012
2021-10-21,15.9975,SM001012
2021-10-22,16.0317,SM001012
2021-10-25,16.0512,SM001012
2021-10-26,16.0145,SM001012
2021-10-27,16.0396,SM001012
2021-10-28,16.055,SM001012
2021-10-29,16.0568,SM001012
2021-11-01,16.0656,SM001012
2021-11-02,16.0652,SM001012
2021-11-03,16.0853,SM001012
2021-11-08,16.0629,SM001012
2021-11-09,16.0834,SM001012
2021-11-10,16.0845,SM001012
2021-11-11,16.0607,SM001012
2021-11-12,16.1165,SM001012
2021-11-15,16.1194,SM001012
2021-11-16,16.1233,SM001012
2021-11-17,16.142,SM001012
2021-11-18,16.1228,SM001012
2021-11-22,16.1288,SM001012
2021-11-23,16.1344,SM001012
2021-11-24,16.1301,SM001012
2021-11-25,16.01,SM001012
2021-11-26,16.0385,SM001012
2021-11-29,16.018,SM001012
2021-11-30,16.0188,SM001012
2021-12-01,16.0186,SM001012
2021-12-02,16.0304,SM001012
2021-12-03,16.0331,SM001012
2021-12-06,16.025,SM001012
2021-12-07,15.9884,SM001012
2021-12-08,16.008,SM001012
2021-12-09,16.0333,SM001012
2021-12-10,16.0248,SM001012
2021-12-13,16.0447,SM001012
2021-12-14,16.0708,SM001012
2021-12-15,16.0689,SM001012
2021-12-16,16.0601,SM001012
2021-12-17,16.0663,SM001012
2021-12-20,16.0363,SM001012
2021-12-21,16.0498,SM001012
2021-12-22,16.0567,SM001012
2021-12-23,16.0336,SM001012
2021-12-24,16.0498,SM001012
2021-12-27,16.0707,SM001012
2021-12-28,16.052,SM001012
2021-12-29,16.0849,SM001012
2021-12-30,16.0845,SM001012
2021-12-31,16.0935,SM001012
2022-01-03,16.0727,SM001012
2022-01-04,16.1071,SM001012
2022-01-05,16.1248,SM001012
2022-01-06,16.1757,SM001012
2022-01-07,16.2481,SM001012
2022-01-10,16.2703,SM001012
2022-01-11,16.2504,SM001012
2022-01-12,16.3015,SM001012
2022-01-13,16.357,SM001012
2022-01-14,16.3264,SM001012
2022-01-17,16.4156,SM001012
2022-01-18,16.3907,SM001012
2022-01-19,16.3597,SM001012
2022-01-20,16.393,SM001012
2022-01-21,16.384,SM001012
2022-01-24,16.3397,SM001012
2022-01-25,16.2898,SM001012
2022-01-27,16.3001,SM001012
2022-01-28,16.3291,SM001012
2022-01-31,16.344,SM001012
2022-02-01,16.3772,SM001012
2022-02-02,16.3663,SM001012
2022-02-03,16.3744,SM001012
2022-02-04,16.3736,SM001012
2022-02-08,16.4624,SM001012
2022-02-09,16.4561,SM001012
2022-02-10,16.4877,SM001012
2022-02-11,16.5542,SM001012
2022-02-14,16.4981,SM001012
2022-02-15,16.5217,SM001012
2022-02-16,16.5586,SM001012
2022-02-17,16.5838,SM001012
2022-02-18,16.5661,SM001012
2022-02-21,16.5202,SM001012
2022-02-22,16.5445,SM001012
2022-02-23,16.5716,SM001012
2022-02-24,16.5707,SM001012
2022-02-25,16.5492,SM001012
2022-02-28,16.5617,SM001012
2022-03-02,16.5804,SM001012
2022-03-03,16.551,SM001012
2022-03-04,16.5504,SM001012
2022-03-07,16.5129,SM001012
2022-03-08,16.5182,SM001012
2022-03-09,16.5259,SM001012
2022-03-10,16.5477,SM001012
2022-03-11,16.5198,SM001012
2022-03-14,16.4834,SM001012
2022-03-15,16.5279,SM001012
2022-03-16,16.496,SM001012
2022-03-17,16.4194,SM001012
2022-03-21,16.51,SM001012
2022-03-22,16.607,SM001012
2022-03-23,16.6416,SM001012
2022-03-24,16.6079,SM001012
2022-03-25,16.6227,SM001012
2022-03-28,16.7109,SM001012
2022-03-29,16.6564,SM001012
2022-03-30,16.689,SM001012
2022-03-31,16.7003,SM001012
2022-04-04,16.7171,SM001012
2022-04-05,16.74,SM001012
2022-04-06,16.7418,SM001012
2022-04-07,16.7091,SM001012
2022-04-08,16.6955,SM001012
2022-04-11,16.7222,SM001012
2022-04-12,16.7,SM001012
2022-04-13,16.7139,SM001012
2022-04-18,16.709,SM001012
2022-04-19,16.7279,SM001012
2022-04-20,16.7554,SM001012
2022-04-21,16.7902,SM001012
2022-04-22,16.8338,SM001012
2022-04-25,16.9092,SM001012
2022-04-26,16.9132,SM001012
2022-04-27,16.8889,SM001012
2022-04-28,16.9087,SM001012
2022-04-29,16.8895,SM001012
2022-05-02,16.8994,SM001012
2022-05-04,16.6428,SM001012
2022-05-05,16.8327,SM001012
2022-05-06,16.8447,SM001012
2022-05-09,16.8123,SM001012
2022-05-10,16.8176,SM001012
2022-05-11,16.8226,SM001012
2022-05-12,16.8495,SM001012
2022-05-13,16.8249,SM001012
2022-05-17,16.8765,SM001012
2022-05-18,16.8429,SM001012
2022-05-19,16.8782,SM001012
2022-05-20,16.9245,SM001012
2022-05-23,16.9632,SM001012
2022-05-24,16.9937,SM001012
2022-05-25,16.9733,SM001012
2022-05-26,16.9797,SM001012
2022-05-27,17.0061,SM001012
2022-05-30,17.052,SM001012
2022-05-31,17.0893,SM001012
2022-06-01,17.1195,SM001012
2022-06-02,17.138,SM001012
2022-06-03,17.0933,SM001012
2022-06-06,17.0748,SM001012
2022-06-07,17.0859,SM001012
2022-06-08,17.1642,SM001012
2022-06-09,17.2107,SM001012
2022-06-10,17.2738,SM001012
2022-06-13,17.1773,SM001012
2022-06-14,17.1012,SM001012
2022-06-15,17.005,SM001012
2022-06-16,17.0522,SM001012
2022-06-17,16.8933,SM001012
2022-06-20,16.8789,SM001012
2022-06-21,16.9717,SM001012
2022-06-22,16.9785,SM001012
2022-06-23,16.9404,SM001012
2022-06-24,16.9277,SM001012
2022-06-27,16.9162,SM001012
2022-06-28,16.9042,SM001012
2022-06-29,16.8653,SM001012
2022-06-30,16.8874,SM001012
2022-07-01,16.8419,SM001012
2022-07-04,16.8591,SM001012
2022-07-05,16.908,SM001012
2022-07-06,17.0433,SM001012
2022-07-07,16.9698,SM001012
2022-07-08,16.9411,SM001012
2022-07-11,16.9419,SM001012
2022-07-12,16.9197,SM001012
2022-07-13,16.9326,SM001012
2022-07-14,17.059,SM001012
2022-07-15,16.969,SM001012
2022-07-18,16.8958,SM001012
2022-07-19,17.0412,SM001012
2022-07-20,17.0272,SM001012
2022-07-21,16.9443,SM001012
2022-07-22,17.0422,SM001012
2022-07-25,16.9935,SM001012
2022-07-26,16.9479,SM001012
2022-07-27,17.0413,SM001012
2022-07-28,17.129,SM001012
2022-07-29,17.1098,SM001012
2022-08-01,17.2094,SM001012
2022-08-02,17.1925,SM001012
2022-08-03,17.2287,SM001012
2022-08-04,17.341,SM001012
2022-08-05,17.3584,SM001012
2022-08-08,17.3826,SM001012
2022-08-10,17.4334,SM001012
2022-08-11,17.5145,SM001012
2022-08-12,17.5009,SM001012
2022-08-17,17.5096,SM001012
2022-08-18,17.4139,SM001012
2022-08-19,17.4037,SM001012
2022-08-22,17.3947,SM001012
2022-08-23,17.4016,SM001012
2022-08-24,17.4052,SM001012
2022-08-25,17.4049,SM001012
2022-08-26,17.3471,SM001012
2022-08-29,17.3705,SM001012
2022-08-30,17.3665,SM001012
2022-09-01,17.3895,SM001012
2022-09-02,17.5002,SM001012
2022-09-05,17.4846,SM001012
2022-09-06,17.4734,SM001012
2022-09-07,17.4343,SM001012
2022-09-08,17.4935,SM001012
2022-09-09,17.5514,SM001012
2022-09-12,17.5337,SM001012
2022-09-13,17.5771,SM001012
2022-09-14,17.5256,SM001012
2022-09-15,17.547,SM001012
2022-09-16,17.4532,SM001012
2022-09-19,17.3509,SM001012
2022-09-20,17.4111,SM001012
2022-09-21,17.3639,SM001012
2022-09-22,17.4196,SM001012
2022-09-23,17.389,SM001012
2022-09-26,17.3327,SM001012
2022-09-27,17.2741,SM001012
2022-09-28,17.2975,SM001012
2022-09-29,17.4072,SM001012
2022-09-30,17.2892,SM001012
2022-10-03,17.2869,SM001012
2022-10-04,17.2912,SM001012
2022-10-06,17.2757,SM001012
2022-10-07,17.3083,SM001012
2022-10-10,17.3142,SM001012
2022-10-11,17.333,SM001012
2022-10-12,17.4149,SM001012
2022-10-13,17.419,SM001012
2022-10-14,17.3474,SM001012
2022-10-17,17.3634,SM001012
2022-10-18,17.3932,SM001012
2022-10-19,17.3514,SM001012
2022-10-20,17.155,SM001012
2022-10-21,17.2298,SM001012
2022-10-25,17.243,SM001012
2022-10-27,17.2586,SM001012
2022-10-28,17.202,SM001012
2022-10-31,17.2723,SM001012
2022-11-01,17.2595,SM001012
2022-11-02,17.2007,SM001012
2022-11-03,17.1589,SM001012
2022-11-04,17.0012,SM001012
2022-11-07,16.9694,SM001012
2022-11-09,17.009,SM001012
2022-11-10,16.9547,SM001012
2022-11-11,17.021,SM001012
2022-11-14,17.0259,SM001012
2022-11-15,17.013,SM001012
2022-11-16,16.9712,SM001012
2022-11-17,16.9826,SM001012
2022-11-18,16.9979,SM001012
2022-11-21,16.9506,SM001012
2022-11-22,17.0896,SM001012
2022-11-23,16.9908,SM001012
2022-11-24,16.9932,SM001012
2022-11-25,16.9755,SM001012
2022-11-28,17.001,SM001012
2022-11-29,16.9469,SM001012
2022-11-30,16.9922,SM001012
2022-12-01,17.0281,SM001012
2022-12-02,17.0219,SM001012
2022-12-05,16.993,SM001012
2022-12-06,16.9594,SM001012
2022-12-07,17.0743,SM001012
2022-12-08,17.0835,SM001012
2022-12-09,17.1097,SM001012
2022-12-12,17.1117,SM001012
2022-12-13,17.0943,SM001012
2022-12-14,17.0916,SM001012
2022-12-15,17.1056,SM001012
2022-12-16,17.1351,SM001012
2022-12-19,17.1433,SM001012
2022-12-20,17.138,SM001012
2022-12-21,17.1318,SM001012
2022-12-22,17.1174,SM001012
2022-12-23,17.0404,SM001012
2022-12-26,16.9828,SM001012
2022-12-27,16.9836,SM001012
2022-12-28,16.9925,SM001012
2022-12-29,16.9911,SM001012
2022-12-30,17.0082,SM001012
2023-01-02,17.093,SM001012
2023-01-03,17.1066,SM001012
2023-01-04,17.0887,SM001012
2023-01-05,17.0895,SM001012
2023-01-06,17.0819,SM001012
2023-01-09,17.0886,SM001012
2023-01-10,17.134,SM001012
2023-01-11,17.1449,SM001012
2023-01-12,17.1754,SM001012
2023-01-13,17.1311,SM001012
2023-01-16,17.1299,SM001012
2023-01-17,17.1343,SM001012
2023-01-18,17.0569,SM001012
2023-01-19,17.0517,SM001012
2023-01-20,17.0574,SM001012
2023-01-23,17.0937,SM001012
2023-01-24,17.0983,SM001012
2023-01-25,17.0587,SM001012
2023-01-27,16.9896,SM001012
2023-01-30,16.9625,SM001012
2023-01-31,16.9395,SM001012
2023-02-01,16.8272,SM001012
2023-02-02,16.6157,SM001012
2023-02-03,16.6065,SM001012
2023-02-06,16.6612,SM001012
2023-02-07,16.6263,SM001012
2023-02-08,16.6475,SM001012
2023-02-09,16.6369,SM001012
2023-02-10,16.732,SM001012
2023-02-13,16.7282,SM001012
2023-02-14,16.6493,SM001012
2023-02-15,16.7323,SM001012
2023-02-16,16.7566,SM001012
2023-02-17,16.7056,SM001012
2023-02-20,16.762,SM001012
2023-02-21,16.746,SM001012
2023-02-22,16.6769,SM001012
2023-02-23,16.6519,SM001012
2023-02-24,16.6881,SM001012
2023-02-27,16.6091,SM001012
2023-02-28,16.4612,SM001012
2023-03-01,16.5502,SM001012
2023-03-02,16.5147,SM001012
2023-03-03,16.5516,SM001012
2023-03-06,16.591,SM001012
2023-03-08,16.5599,SM001012
2023-03-09,16.5604,SM001012
2023-03-10,16.5432,SM001012
2023-03-13,16.4945,SM001012
2023-03-14,16.4837,SM001012
2023-03-15,16.4254,SM001012
2023-03-16,16.4364,SM001012
2023-03-17,16.3935,SM001012
2023-03-20,16.4706,SM001012
2023-03-21,16.4676,SM001012
2023-03-23,16.4432,SM001012
2023-03-24,16.7298,SM001012
2023-03-27,16.6197,SM001012
2023-03-28,16.4937,SM001012
2023-03-29,16.7893,SM001012
2023-03-31,16.8699,SM001012
2023-04-03,16.8061,SM001012
2023-04-05,16.8166,SM001012
2023-04-06,16.8716,SM001012
2023-04-10,16.8276,SM001012
2023-04-11,16.8154,SM001012
2023-04-12,16.8557,SM001012
2023-04-13,16.8269,SM001012
2023-04-17,16.8544,SM001012
2023-04-18,16.8965,SM001012
2023-04-19,16.8945,SM001012
2023-04-20,16.8947,SM001012
2023-04-21,16.9175,SM001012
2023-04-24,16.9009,SM001012
2023-04-25,16.8721,SM001012
2023-04-26,16.9528,SM001012
2023-04-27,16.9149,SM001012
2023-04-28,17.0648,SM001012
2023-05-02,17.1565,SM001012
2023-05-03,17.1805,SM001012
2023-05-04,17.1239,SM001012
2023-05-08,17.0511,SM001012
2023-05-09,17.0036,SM001012
2023-05-10,17.1446,SM001012
2023-05-11,17.1196,SM001012
2023-05-12,17.0126,SM001012
2023-05-15,17.0535,SM001012
2023-05-16,17.0519,SM001012
2023-05-17,17.0485,SM001012
2023-05-18,17.0408,SM001012
2023-05-19,17.0952,SM001012
2023-05-22,17.0748,SM001012
2023-05-23,17.0138,SM001012
2023-05-24,17.0702,SM001012
2023-05-25,17.0162,SM001012
2023-05-26,16.951,SM001012
2023-05-29,16.9208,SM001012
2023-05-30,16.8634,SM001012
2023-05-31,16.8741,SM001012
2023-06-01,16.8761,SM001012
2023-06-02,16.9059,SM001012
2023-06-05,16.8218,SM001012
2023-06-06,16.8699,SM001012
2023-06-07,16.8704,SM001012
2023-06-08,16.8356,SM001012
2023-06-09,16.8766,SM001012
2023-06-12,16.8849,SM001012
2023-06-13,16.9327,SM001012
2023-06-14,16.9112,SM001012
2023-06-15,16.8773,SM001012
2023-06-16,16.9059,SM001012
2023-06-19,16.8929,SM001012
2023-06-20,16.8748,SM001012
2023-06-21,16.8987,SM001012
2023-06-22,16.8653,SM001012
2023-06-23,16.8474,SM001012
2023-06-26,16.8286,SM001012
2023-06-27,16.9291,SM001012
2023-06-28,16.9112,SM001012
2023-06-30,17.0189,SM001012
2023-07-03,16.9683,SM001012
2023-07-04,16.9654,SM001012
2023-07-05,17.0035,SM001012
2023-07-06,16.9989,SM001012
2023-07-07,17.0476,SM001012
2023-07-10,17.0417,SM001012
2023-07-11,16.9956,SM001012
2023-07-12,16.9931,SM001012
2023-07-13,17.0058,SM001012
2023-07-14,17.0853,SM001012
2023-07-17,17.1473,SM001012
2023-07-18,17.0995,SM001012
2023-07-19,17.1059,SM001012
2023-07-20,17.1071,SM001012
2023-07-21,17.1202,SM001012
2023-07-24,17.1202,SM001012
2023-07-25,17.1041,SM001012
2023-07-26,17.0244,SM001012
2023-07-27,17.1105,SM001012
2023-07-28,17.1002,SM001012
2023-07-31,17.2494,SM001012
2023-08-01,17.2039,SM001012
2023-08-02,17.1515,SM001012
2023-08-03,17.2011,SM001012
2023-08-04,17.2008,SM001012
2023-08-07,17.2354,SM001012
2023-08-08,17.2218,SM001012
2023-08-09,17.218,SM001012
2023-08-10,17.2972,SM001012
2023-08-11,17.4027,SM001012
2023-08-14,17.3273,SM001012
2023-08-17,17.254,SM001012
2023-08-18,17.2905,SM001012
2023-08-21,17.2669,SM001012
2023-08-22,17.1725,SM001012
2023-08-23,17.2039,SM001012
2023-08-24,17.2436,SM001012
2023-08-25,17.2832,SM001012
2023-08-28,17.2434,SM001012
2023-08-29,17.1937,SM001012
2023-08-30,17.2665,SM001012
2023-08-31,17.3106,SM001012
2023-09-01,17.3171,SM001012
2023-09-04,17.3828,SM001012
2023-09-05,17.4047,SM001012
2023-09-06,17.327,SM001012
2023-09-07,17.3822,SM001012
2023-09-08,17.4271,SM001012
2023-09-11,17.3614,SM001012
2023-09-12,17.3321,SM001012
2023-09-13,17.4748,SM001012
2023-09-14,17.4931,SM001012
2023-09-15,17.4199,SM001012
2023-09-18,17.3688,SM001012
2023-09-20,17.3993,SM001012
2023-09-21,17.3538,SM001012
2023-09-22,17.3366,SM001012
2023-09-25,17.389,SM001012
2023-09-26,17.3811,SM001012
2023-09-27,17.3856,SM001012
2023-09-28,17.3739,SM001012
2023-10-03,17.3302,SM001012
2023-10-04,17.3683,SM001012
2023-10-05,17.3682,SM001012
2023-10-06,17.3273,SM001012
2023-10-09,17.3452,SM001012
2023-10-10,17.325,SM001012
2023-10-11,17.3615,SM001012
2023-10-12,17.3775,SM001012
2023-10-13,17.3677,SM001012
2023-10-16,17.3963,SM001012
2023-10-17,17.3857,SM001012
2023-10-18,17.467,SM001012
2023-10-19,17.4891,SM001012
2023-10-20,17.413,SM001012
2023-10-23,17.3914,SM001012
2023-10-25,17.3561,SM001012
2023-10-26,17.3582,SM001012
2023-10-27,17.4095,SM001012
2023-10-30,17.4166,SM001012
2023-10-31,17.4191,SM001012
2023-11-01,17.4187,SM001012
2023-11-02,17.4677,SM001012
2023-11-03,17.5021,SM001012
2023-11-06,17.5521,SM001012
2023-11-07,17.5384,SM001012
2023-11-08,17.5785,SM001012
2023-11-09,17.6525,SM001012
2023-11-10,17.6622,SM001012
2023-11-13,17.6135,SM001012
2023-11-15,17.7033,SM001012
2023-11-16,17.7016,SM001012
2023-11-17,17.7955,SM001012
2023-11-20,17.7868,SM001012
2023-11-21,17.6703,SM001012
2023-11-22,17.7217,SM001012
2023-11-23,17.8186,SM001012
2023-11-24,17.7942,SM001012
2023-11-28,17.7074,SM001012
2023-11-29,17.7257,SM001012
2023-11-30,17.7361,SM001012
2023-12-01,17.7409,SM001012
2023-12-04,17.6683,SM001012
2023-12-05,17.6837,SM001012
2023-12-06,17.5819,SM001012
2023-12-07,17.7287,SM001012
2023-12-08,17.8254,SM001012
2023-12-11,17.8859,SM001012
2023-12-12,17.8624,SM001012
2023-12-13,17.86,SM001012
2023-12-14,17.8851,SM001012
2023-12-15,17.8444,SM001012
2023-12-18,17.7832,SM001012
2023-12-19,17.8291,SM001012
2023-12-20,17.8072,SM001012
2023-12-21,17.8069,SM001012
2023-12-22,17.8771,SM001012
2023-12-26,17.9013,SM001012
2023-12-27,17.8758,SM001012
2023-12-28,17.8764,SM001012
2023-12-29,17.8395,SM001012
2024-01-01,17.9041,SM001012
2024-01-02,17.9465,SM001012
2024-01-03,17.9947,SM001012
2024-01-04,17.9824,SM001012
2024-01-05,18.0399,SM001012
2024-01-08,18.0125,SM001012
2024-01-09,18.0906,SM001012
2024-01-10,18.1448,SM001012
2024-01-11,18.2321,SM001012
2024-01-12,18.2318,SM001012
2024-01-15,18.2014,SM001012
2024-01-16,18.2709,SM001012
2024-01-17,18.2642,SM001012
2024-01-18,18.2898,SM001012
2024-01-19,18.2224,SM001012
2024-01-23,18.2166,SM001012
2024-01-24,18.2475,SM001012
2024-01-25,18.2591,SM001012
2024-01-29,18.2863,SM001012
2024-01-30,18.2518,SM001012
2024-01-31,18.3293,SM001012
2024-02-01,18.3782,SM001012
2024-02-02,18.475,SM001012
2024-02-05,18.3799,SM001012
2024-02-06,18.4484,SM001012
2024-02-07,18.4228,SM001012
2024-02-08,18.4139,SM001012
2024-02-09,18.3869,SM001012
2024-02-12,18.4026,SM001012
2024-02-13,18.3429,SM001012
2024-02-14,18.4922,SM001012
2024-02-15,18.4229,SM001012
2024-02-16,18.5107,SM001012
2024-02-20,18.5331,SM001012
2024-02-21,18.4853,SM001012
2024-02-22,18.4741,SM001012
2024-02-23,18.5563,SM001012
2024-02-26,18.5977,SM001012
2024-02-27,18.5634,SM001012
2024-02-28,18.6454,SM001012
2024-02-29,18.6367,SM001012
2024-03-01,18.656,SM001012
2024-03-04,18.6317,SM001012
2024-03-05,18.6634,SM001012
2024-03-06,18.5778,SM001012
2024-03-07,18.6026,SM001012
2024-03-11,18.6369,SM001012
2024-03-12,18.5807,SM001012
2024-03-13,18.5557,SM001012
2024-03-14,18.5774,SM001012
2024-03-15,18.6797,SM001012
2024-03-18,18.6358,SM001012
2024-03-19,18.6244,SM001012
2024-03-20,18.5597,SM001012
2024-03-21,18.5947,SM001012
2024-03-22,18.6313,SM001012
2024-03-26,18.5512,SM001012
2024-03-27,18.6438,SM001012
2024-03-28,18.6537,SM001012
2024-03-31,18.6602,SM001012
2024-04-02,18.6965,SM001012
2024-04-03,18.6888,SM001012
2024-04-04,18.7361,SM001012
2024-04-05,18.7244,SM001012
2024-04-08,18.744,SM001012
2024-04-10,18.7636,SM001012
2024-04-12,18.6483,SM001012
2024-04-15,18.6737,SM001012
2024-04-16,18.7139,SM001012
2024-04-18,18.738,SM001012
2024-04-19,18.7279,SM001012
2024-04-22,18.7921,SM001012
2024-04-23,18.8303,SM001012
2024-04-24,18.8126,SM001012
2024-04-25,18.8714,SM001012
2024-04-26,18.8507,SM001012
2024-04-29,18.864,SM001012
2024-04-30,18.915,SM001012
2024-05-02,18.9077,SM001012
2024-05-03,18.8871,SM001012
2024-05-06,18.8123,SM001012
2024-05-07,18.855,SM001012
2024-05-08,18.8791,SM001012
2024-05-09,18.8727,SM001012
2024-05-10,18.9066,SM001012
2024-05-13,18.8331,SM001012
2024-05-14,18.8332,SM001012
2024-05-15,18.815,SM001012
2024-05-16,18.8062,SM001012
2024-05-17,18.8339,SM001012
2024-05-21,18.823,SM001012
2024-05-22,18.7943,SM001012
2024-05-24,18.8617,SM001012
2024-05-27,18.8499,SM001012
2024-05-28,18.7602,SM001012
2024-05-29,18.8703,SM001012
2024-05-30,18.8866,SM001012
2024-05-31,18.8804,SM001012
2024-06-03,18.9642,SM001012
2024-06-04,18.8496,SM001012
2024-06-05,18.8454,SM001012
2024-06-06,18.8728,SM001012
2024-06-07,18.8669,SM001012
2024-06-10,18.8512,SM001012
2024-06-11,18.9133,SM001012
2024-06-12,18.9233,SM001012
2024-06-13,18.9361,SM001012
2024-06-14,18.9559,SM001012
2024-06-18,19.0052,SM001012
2024-06-19,18.9768,SM001012
2024-06-20,18.9889,SM001012
2024-06-21,19.0125,SM001012
2024-06-24,18.9399,SM001012
2024-06-25,18.929,SM001012
2024-06-26,18.9649,SM001012
2024-06-27,18.9601,SM001012
2024-06-28,18.9915,SM001012
2024-07-01,19.0002,SM001012
2024-07-02,19.0284,SM001012
2024-07-03,19.0362,SM001012
2024-07-04,19.0939,SM001012
2024-07-05,19.0536,SM001012
2024-07-08,19.0712,SM001012
2024-07-09,19.0753,SM001012
2024-07-10,19.112,SM001012
2024-07-11,19.1514,SM001012
2024-07-12,19.1448,SM001012
2024-07-15,19.1497,SM001012
2024-07-16,19.1719,SM001012
2024-07-18,19.2139,SM001012
2024-07-19,19.2361,SM001012
2024-07-22,19.2404,SM001012
2024-07-23,19.3056,SM001012
2024-07-24,19.2639,SM001012
2024-07-25,19.3168,SM001012
2024-07-26,19.3623,SM001012
2024-07-29,19.364,SM001012
2024-07-30,19.3857,SM001012
2024-07-31,19.3845,SM001012
2024-08-01,19.4646,SM001012
2024-08-02,19.4746,SM001012
2024-08-05,19.396,SM001012
2024-08-06,19.4528,SM001012
2024-08-07,19.4409,SM001012
2024-08-08,19.4603,SM001012
2024-08-09,19.4604,SM001012
2024-08-12,19.4386,SM001012
2024-08-13,19.3906,SM001012
2024-08-14,19.4453,SM001012
2024-08-16,19.4568,SM001012
2024-08-19,19.4836,SM001012
2024-08-20,19.383,SM001012
2024-08-21,19.3874,SM001012
2024-08-22,19.3856,SM001012
2024-08-23,19.4438,SM001012
2024-08-26,19.3984,SM001012
2024-08-27,19.4239,SM001012
2024-08-28,19.458,SM001012
2024-08-29,19.462,SM001012
2024-08-30,19.5037,SM001012
2024-09-02,19.5339,SM001012
2024-09-03,19.5379,SM001012
2024-09-04,19.5963,SM001012
2024-09-05,19.5741,SM001012
2024-09-06,19.5984,SM001012
2024-09-09,19.6293,SM001012
2024-09-10,19.6579,SM001012
2024-09-11,19.6688,SM001012
2024-09-12,19.7393,SM001012
2024-09-13,19.7252,SM001012
2024-09-16,19.7523,SM001012
2024-09-17,19.7537,SM001012
2024-09-19,19.8157,SM001012
2024-09-20,19.7636,SM001012
2024-09-23,19.8235,SM001012
2024-09-24,19.8265,SM001012
2024-09-25,19.8956,SM001012
2024-09-26,19.8478,SM001012
2024-09-27,19.8705,SM001012
2024-09-30,19.8713,SM001012
2024-10-01,19.8776,SM001012
2024-10-03,19.971,SM001012
2024-10-04,20.0411,SM001012
2024-10-07,20.1445,SM001012
2024-10-08,20.1458,SM001012
2024-10-09,20.0958,SM001012
2024-10-10,20.1021,SM001012
2024-10-11,20.025,SM001012
2024-10-14,20.0897,SM001012
2024-10-15,20.1087,SM001012
2024-10-16,20.1385,SM001012
2024-10-17,20.068,SM001012
2024-10-18,20.1468,SM001012
2024-10-21,20.2082,SM001012
2024-10-22,20.1115,SM001012
2024-10-23,20.145,SM001012
2024-10-24,20.0289,SM001012
2024-10-25,20.0566,SM001012
2024-10-28,20.1469,SM001012
2024-10-29,20.2161,SM001012
2024-10-30,20.2626,SM001012
2024-10-31,20.3303,SM001012
2024-11-04,20.312,SM001012
2024-11-05,20.4182,SM001012
2024-11-06,20.3889,SM001012
2024-11-07,20.3663,SM001012
2024-11-08,20.3665,SM001012
2024-11-11,20.3974,SM001012
2024-11-12,20.3719,SM001012
2024-11-13,20.2082,SM001012
2024-11-14,20.3163,SM001012
2024-11-18,20.2427,SM001012
2024-11-19,20.274,SM001012
2024-11-21,20.2726,SM001012
2024-11-22,20.3036,SM001012
2024-11-25,20.3697,SM001012
2024-11-26,20.3601,SM001012
2024-11-27,20.2518,SM001012
2024-11-28,20.2679,SM001012
2024-11-29,20.309,SM001012
2024-12-02,20.2711,SM001012
2024-12-03,20.3353,SM001012
2024-12-04,20.3296,SM001012
2024-12-05,20.3455,SM001012
2024-12-06,20.3154,SM001012
2024-12-09,20.3703,SM001012
2024-12-10,20.3826,SM001012
2024-12-11,20.3291,SM001012
2024-12-12,20.3297,SM001012
2024-12-13,20.3061,SM001012
2024-12-16,20.2982,SM001012
2024-12-17,20.2601,SM001012
2024-12-18,20.2922,SM001012
2024-12-19,20.2679,SM001012
2024-12-20,20.202,SM001012
2024-12-23,20.2096,SM001012
2024-12-24,20.2727,SM001012
2024-12-26,20.2028,SM001012
2024-12-27,20.1997,SM001012
2024-12-30,20.1521,SM001012
2024-12-31,20.2329,SM001012
2025-01-01,20.3187,SM001012
2025-01-02,20.2819,SM001012
2025-01-03,20.3315,SM001012
2025-01-06,20.3187,SM001012
2025-01-07,20.3275,SM001012
2025-01-08,20.3129,SM001012
2025-01-09,20.3697,SM001012
2025-01-10,20.4113,SM001012
2025-01-13,20.3092,SM001012
2025-01-14,20.3659,SM001012
2025-01-15,20.4093,SM001012
2025-01-16,20.4117,SM001012
2025-01-17,20.455,SM001012
2025-01-20,20.4038,SM001012
2025-01-21,20.464,SM001012
2025-01-22,20.4659,SM001012
2025-01-23,20.379,SM001012
2025-01-24,20.3953,SM001012
2025-01-27,20.414,SM001012
2025-01-28,20.4131,SM001012
2025-01-29,20.4655,SM001012
2025-01-30,20.4581,SM001012
2025-01-31,20.5102,SM001012
2025-02-03,20.5002,SM001012
2025-02-04,20.4789,SM001012
2025-02-05,20.4906,SM001012
2025-02-06,20.5319,SM001012
2025-02-07,20.5329,SM001012
2025-02-10,20.545,SM001012
2025-02-11,20.5288,SM001012
2025-02-12,20.5014,SM001012
2025-02-13,20.4121,SM001012
2025-02-14,20.4063,SM001012
2025-02-17,20.4131,SM001012
2025-02-18,20.3658,SM001012
2025-02-20,20.3801,SM001012
2025-02-21,20.4729,SM001012
2025-02-24,20.3969,SM001012
2025-02-25,20.3885,SM001012
2025-02-27,20.4688,SM001012
2025-02-28,20.4386,SM001012
2025-03-03,20.46,SM001012
2025-03-04,20.5398,SM001012
2025-03-05,20.4588,SM001012
2025-03-06,20.4308,SM001012
2025-03-07,20.477,SM001012
2025-03-10,20.4604,SM001012
2025-03-11,20.4532,SM001012
2025-03-12,20.4639,SM001012
2025-03-13,20.4635,SM001012
2025-03-17,20.472,SM001012
2025-03-18,20.4915,SM001012
2025-03-19,20.4817,SM001012
2025-03-20,20.4585,SM001012
2025-03-21,20.4932,SM001012
2025-03-24,20.4893,SM001012
2025-03-25,20.5115,SM001012
2025-03-26,20.5078,SM001012
2025-03-27,20.5294,SM001012
2025-03-28,20.6356,SM001012
2025-03-31,20.642,SM001012
2025-04-02,20.7068,SM001012
2025-04-03,20.7799,SM001012
2025-04-04,20.778,SM001012
2025-04-07,20.6074,SM001012
2025-04-08,20.6396,SM001012
2025-04-09,20.6749,SM001012
2025-04-11,20.7038,SM001012
2025-04-15,20.7671,SM001012
2025-04-16,20.8462,SM001012
2025-04-17,20.8748,SM001012
2025-04-19,20.879,SM001012
2025-04-21,20.91,SM001012
2025-04-22,20.9332,SM001012
2025-04-23,20.9883,SM001012
2025-04-24,21.0259,SM001012
2025-04-25,21.0368,SM001012
2025-04-28,21.0166,SM001012
2025-04-29,21.0278,SM001012
2025-04-30,21.064,SM001012
2025-05-02,21.0394,SM001012
2025-05-05,21.1005,SM001012
2025-05-06,21.1753,SM001012
2025-05-07,21.2032,SM001012
2025-05-08,21.1082,SM001012
2025-05-09,21.132,SM001012
2025-05-13,21.1791,SM001012
2025-05-14,21.2369,SM001012
2025-05-15,21.2292,SM001012
2025-05-16,21.3063,SM001012
2025-05-19,21.286,SM001012
2025-05-20,21.3227,SM001012
2025-05-21,21.3207,SM001012
2025-05-22,21.3616,SM001012
2025-05-23,21.3064,SM001012
2025-05-26,21.3017,SM001012
2025-05-27,21.3133,SM001012
2025-05-28,21.3934,SM001012
2025-05-29,21.4059,SM001012
2025-05-30,21.3699,SM001012
2025-06-02,21.4261,SM001012
2025-06-03,21.4548,SM001012
2025-06-04,21.525,SM001012
2025-06-06,21.6723,SM001012
2025-06-09,21.7974,SM001012
2025-06-10,21.7854,SM001012
2025-06-11,21.8016,SM001012
2025-06-12,21.8098,SM001012
2025-06-13,21.8253,SM001012
2025-06-16,21.801,SM001012
2025-06-17,21.7575,SM001012
2025-06-18,21.8001,SM001012
2025-06-19,21.7896,SM001012
2025-06-20,21.6911,SM001012
2025-06-23,21.7797,SM001012
2025-06-24,21.6947,SM001012
2025-06-25,21.7843,SM001012
2025-06-26,21.7101,SM001012
2025-06-27,21.7737,SM001012
2025-06-30,21.5845,SM001012
2025-07-01,21.6819,SM001012
2025-07-02,21.7224,SM001012
2025-07-03,21.7466,SM001012
2025-07-04,21.7701,SM001012
2025-07-07,21.8201,SM001012
2025-07-08,21.8739,SM001012
2025-07-09,21.8892,SM001012
2025-07-10,21.8785,SM001012
2025-07-11,21.9201,SM001012
2025-07-14,21.9186,SM001012
2025-07-15,21.9299,SM001012
2025-07-16,21.9557,SM001012
2025-07-17,21.9663,SM001012
2025-07-18,22.0306,SM001012
2025-07-21,22.0847,SM001012
2025-07-22,22.1229,SM001012
2025-07-23,22.1308,SM001012
2025-07-24,22.1434,SM001012
2025-07-25,22.1182,SM001012
2025-07-28,22.1429,SM001012
2025-07-29,22.1121,SM001012
2025-07-30,22.1239,SM001012
2025-07-31,22.1104,SM001012
2025-08-01,22.0878,SM001012
2025-08-04,22.1387,SM001012
2025-08-05,22.1508,SM001012
2025-08-06,22.235,SM001012
2025-08-07,22.1775,SM001012
2025-08-08,22.1913,SM001012
2025-08-11,22.213,SM001012
2025-08-12,22.2156,SM001012
2025-08-14,22.3609,SM001012
2025-08-18,22.3694,SM001012
2025-08-19,22.392,SM001012
2025-08-20,22.4574,SM001012
2025-08-21,22.4277,SM001012
2025-08-22,22.4515,SM001012
2025-08-25,22.3832,SM001012
2025-08-26,22.3563,SM001012
2025-08-28,22.4157,SM001012
2025-08-29,22.5421,SM001012
2025-09-01,22.5946,SM001012
2025-09-02,22.5704,SM001012
2025-09-03,22.5867,SM001012
2025-09-04,22.5704,SM001012
2025-09-05,22.5816,SM001012
2025-09-09,22.628,SM001012
2025-09-10,22.7164,SM001012
2025-09-11,22.7131,SM001012
2025-09-12,22.7264,SM001012
2025-09-15,22.9101,SM001012
2025-09-16,23.0171,SM001012
2025-09-17,23.0458,SM001012
2025-09-18,23.0277,SM001012
2025-09-19,22.937,SM001012
2025-09-22,22.9479,SM001012
2025-09-23,22.9372,SM001012
2025-09-24,22.9769,SM001012
2025-09-25,23.0935,SM001012
2025-09-26,23.1561,SM001012
2025-09-29,23.1772,SM001012
2025-09-30,23.103,SM001012
2025-10-01,23.2134,SM001012
2025-10-03,23.3085,SM001012
2025-10-06,23.2314,SM001012
2025-10-07,23.273,SM001012
2025-10-08,23.2629,SM001012
2025-10-09,23.2616,SM001012
2025-10-10,23.3129,SM001012
2025-10-13,23.27,SM001012
2025-10-14,23.2707,SM001012
2025-10-15,23.333,SM001012
2025-10-16,23.3832,SM001012
2025-10-17,23.3899,SM001012
2025-10-20,23.4483,SM001012
2025-10-23,23.4354,SM001012
2025-10-24,23.4397,SM001012
2025-10-27,23.4359,SM001012
2025-10-28,23.4445,SM001012
2025-10-29,23.4132,SM001012
2025-10-30,23.4632,SM001012
2025-10-31,23.4497,SM001012
2025-11-03,23.5077,SM001012
2025-11-04,23.5339,SM001012
2025-11-06,23.495,SM001012
2025-11-07,23.5861,SM001012
2025-11-10,23.5862,SM001012
2025-11-11,23.5819,SM001012
2025-11-12,23.5803,SM001012
2025-11-13,23.5589,SM001012
2025-11-14,23.541,SM001012
2025-11-17,23.6182,SM001012
2025-11-18,23.7552,SM001012
2025-11-19,23.7552,SM001012
2025-11-20,23.7796,SM001012
2025-11-21,23.7974,SM001012
2025-11-24,23.7288,SM001012
2025-11-25,23.7295,SM001012
2025-11-26,23.7012,SM001012
2025-11-27,23.7674,SM001012
2025-11-28,23.7976,SM001012
2025-12-01,23.8576,SM001012
2025-12-02,23.9652,SM001012
2025-12-03,24.1403,SM001012
2025-12-04,24.2304,SM001012
2025-12-05,24.2532,SM001012
2025-12-08,24.2278,SM001012
2025-12-09,24.2268,SM001012
2025-12-10,24.2028,SM001012
2025-12-11,24.2027,SM001012
2025-12-12,24.1545,SM001012
2025-12-15,24.0548,SM001012
2025-12-16,24.1343,SM001012
2025-12-17,24.1085,SM001012
2025-12-18,24.0475,SM001012
2025-12-19,23.9701,SM001012
2025-12-22,24.0074,SM001012
2025-12-23,24.0098,SM001012
2025-12-24,23.9893,SM001012
2025-12-26,24.1049,SM001012
2025-12-29,23.9749,SM001012
2025-12-30,23.9358,SM001012
2025-12-31,24.0084,SM001012
2026-01-01,24.0555,SM001012
2026-01-02,24.0961,SM001012
2026-01-05,24.1802,SM001012
2026-01-06,24.2312,SM001012
2026-01-07,24.2589,SM001012
2026-01-08,24.1869,SM001012
2026-01-09,24.1381,SM001012
2026-01-12,24.1254,SM001012
2026-01-13,24.1427,SM001012
2026-01-14,24.1472,SM001012
2026-01-16,24.1227,SM001012
2026-01-17,10,SM001012
2026-01-19,10,SM001012
2026-01-20,10,SM001012
2026-01-21,10,SM001012
2026-01-22,10,SM001012
2026-01-23,10,SM001012
2026-01-27,10,SM001012
2026-01-28,10,SM001012
2026-01-29,10,SM001012
2026-01-30,10,SM001012
2026-02-02,10,SM001012
2026-02-03,10,SM001012
2026-02-04,10,SM001012
2026-02-05,10,SM001012
2026-02-06,10,SM001012
2026-02-09,10,SM001012
2026-02-10,10,SM001012
2026-02-11,10,SM001012
2026-02-12,10,SM001012
2026-02-13,10,SM001012
2026-02-16,10,SM001012
2026-02-17,10,SM001012
2026-02-18,10,SM001012
2026-02-20,10,SM001012
2026-02-23,10,SM001012
2026-02-24,10,SM001012
2026-02-25,10,SM001012
2026-02-26,10,SM001012
2026-02-27,10,SM001012
2026-03-02,10,SM001012
2026-03-04,10,SM001012
2026-03-05,10,SM001012
2026-03-06,10,SM001012
2026-03-09,10,SM001012
2026-03-10,10,SM001012
2026-03-11,10,SM001012
2026-03-12,10,SM001012
2026-03-13,10,SM001012
2026-03-16,10,SM001012
2026-03-17,10,SM001012
2026-03-18,10,SM001012
2026-03-20,10,SM001012
2026-03-23,10,SM001012
2026-03-24,10,SM001012
2026-03-25,10,SM001012
2026-03-27,10,SM001012
2026-03-30,10,SM001012
2026-03-31,10,SM001012
2026-04-01,10,SM001012
2026-04-02,10,SM001012
2026-04-06,10,SM001012
2026-04-07,10,SM001012
2026-04-08,10,SM001012
2026-04-09,10,SM001012
2026-04-10,10,SM001012
2026-04-13,10,SM001012
2026-04-15,10,SM001012
2026-04-16,10,SM001012
2026-04-17,10,SM001012
2026-04-20,10,SM001012
2026-04-21,10,SM001012
2026-04-22,10,SM001012
2026-04-23,10,SM001012
2026-04-24,10,SM001012
2026-04-27,10,SM001012
2026-04-28,10,SM001012
2026-04-29,10,SM001012
2026-04-30,10,SM001012
2026-05-02,10,SM001012
2026-05-04,10,SM001012
2026-05-05,10,SM001012
2026-05-06,10,SM001012
2026-05-07,10,SM001012
2026-05-08,10,SM001012
2026-05-11,10,SM001012
2026-05-12,10,SM001012
2026-05-13,10,SM001012
2026-05-14,10,SM001012
2026-05-15,10,SM001012
2026-05-18,10,SM001012
2026-05-19,10,SM001012
2026-05-20,10,SM001012
2026-05-21,10,SM001012
2026-05-22,10,SM001012
2026-05-25,10,SM001012
2026-05-26,10,SM001012
2026-05-27,10,SM001012
2026-05-29,10,SM001012
2026-06-01,10,SM001012
2026-06-02,10,SM001012
2026-06-03,10,SM001012
2026-06-04,10,SM001012
2026-06-05,10,SM001012
2026-06-08,10,SM001012
2026-06-09,10,SM001012
2026-06-10,10,SM001012
2026-06-11,10,SM001012
2026-06-12,10,SM001012
2026-06-15,10,SM001012
2026-06-16,10,SM001012
2026-06-17,10,SM001012
2026-06-18,10,SM001012
2026-06-19,10,SM001012
2026-06-22,10,SM001012
2026-06-23,10,SM001012
2026-06-24,10,SM001012
2026-06-25,10,SM001012
2026-06-29,10,SM001012
2026-06-30,10,SM001012
2026-07-01,10,SM001012
2026-07-02,10,SM001012
2026-07-03,10,SM001012
2026-07-06,10,SM001012
2026-07-07,10,SM001012
2026-07-08,10,SM001012
2026-07-09,10,SM001012
2026-07-10,10,SM001012
2026-07-11,10,SM001012
2026-07-13,10,SM001012
2026-07-14,10,SM001012
2026-07-15,10,SM001012
2026-07-16,10,SM001012
2026-07-17,10,SM001012
2026-07-20,10,SM001012
2026-07-21,10,SM001012
2026-07-22,10,SM001012
2026-07-23,10,SM001012
2026-07-24,10,SM001012
2026-07-25,10,SM001012
2026-07-27,10,SM001012
2026-07-28,10,SM001012
2026-07-29,10,SM001012
2026-07-30,10,SM001012
2026-07-31,10,SM001012
2026-08-01,10,SM001012
2026-08-03,10,SM001012
2026-08-04,10,SM001012
2026-08-05,10,SM001012
2026-08-06,10,SM001012
2026-08-07,10,SM001012
2026-08-10,10,SM001012
2026-08-11,10,SM001012
2026-08-12,10,SM001012
2026-08-13,10,SM001012
2026-08-14,10,SM001012
2026-08-17,10,SM001012
2026-08-18,10,SM001012
2026-08-19,10,SM001012
2026-08-20,10,SM001012
2026-08-21,10,SM001012
2026-08-24,10,SM001012
2026-08-25,10,SM001012
2026-08-27,10,SM001012
2026-08-28,10,SM001012
2026-08-29,10,SM001012
2026-08-31,10,SM001012
2026-09-01,10,SM001012
2026-09-02,10,SM001012
2026-09-03,10,SM001012
2026-09-04,10,SM001012
2026-09-07,10,SM001012
2026-09-08,10,SM001012
2026-09-09,10,SM001012
2026-09-10,10,SM001012
2026-09-11,10,SM001012
2026-09-15,10,SM001012
2026-09-16,10,SM001012
2026-09-17,10,SM001012
2026-09-18,10,SM001012
2026-09-21,10,SM001012
2026-09-22,10,SM001012
2026-09-23,10,SM001012
2026-09-24,10,SM001012
2026-09-25,10,SM001012
